Category,Name
Clothing,AK-47 chain
Clothing,Abibas Keezy Foam shoes
Clothing,Abibas Marquee Boost Lows shoes
Clothing,Abibas Pezy Boost 700 V3 Alvah shoes
Clothing,Abibas Pro Bounce 2019 Lows shoes
Clothing,Abibas leggings
Clothing,Abibas pants
Clothing,Abibas sport pants
Clothing,Abibas suit
Clothing,Abibas sweatpants
Clothing,Acic Gel Kayano sneakers
Clothing,Air Bior pullover sweater
Clothing,Alaska winter jacket
Clothing,Alastor McQueen oversized shoes
Clothing,Alvin Lein T-shirt
Clothing,Alvin Lein backpack skin
Clothing,Alvin Lein pants
Clothing,Alvin Lein set
Clothing,Amire zip-up jumper
Clothing,Anti Social Club hoodie
Clothing,Arm Pangel jacket
Clothing,Bans sneakers
Clothing,Barberry corset dress
Clothing,Bendi T-shirt
Clothing,Bersace set
Clothing,Bersace trousers
Clothing,Bigness mask
Clothing,Bior backpack skin
Clothing,Bior pants
Clothing,CAP T-shirt
Clothing,Casual neon torso
Clothing,Christmas tree mask
Clothing,Craft Munk mask
Clothing,Cupids crown
Clothing,Curry Flow 8 sneakers
Clothing,Domo backpack skin
Clothing,Essential suit top
Clothing,G backpack skin
Clothing,Grada set
Clothing,Grand RP collection T-shirt
Clothing,Grand RP collection hoodie
Clothing,Grand RP collection pants
Clothing,Grand RP collection set
Clothing,Grand chain
Clothing,Ground Mordan 4 Retro Laser 30th shoes
Clothing,Gussi shorts
Clothing,Hilipp Lein T-shirt
Clothing,Jacket with a hood
Clothing,Jason blue mask
Clothing,Juice Wrld Vlone T-shirt
Clothing,Kasio G-Shock watch
Clothing,Kazer headphones
Clothing,Keezy Boost shoes
Clothing,Khampion T-shirt
Clothing,Khampion pants
Clothing,Khampion set
Clothing,Khanel pants
Clothing,Khanel set
Clothing,Khanel top
Clothing,Kolex 2 watch
Clothing,Kolex watch
Clothing,Kupreme T-shirt
Clothing,Kupreme backpack skin
Clothing,Kupreme dress
Clothing,Kupreme set
Clothing,LUV backpack with wings skin
Clothing,LW new sample branded neon pants
Clothing,LW new sample branded neon pants set
Clothing,Lacoste T-shirt
Clothing,Love costume
Clothing,Lui Vi T-shirt
Clothing,Lui Vi backpack skin
Clothing,Lui Vi jacket
Clothing,Lui Vi pants
Clothing,Lui Vi set
Clothing,Lui Vi shorts
Clothing,Lui Vi shoulder backpack skin
Clothing,Lui Vi sweatshirt
Clothing,Lui Vi top
Clothing,Mask Broken
Clothing,Mickey Mouse T-shirt
Clothing,Mickey Mouse pants
Clothing,Mickeys Christmas backpack skin
Clothing,Mikachu T-shirt
Clothing,Mikachu hoodie
Clothing,Mordan 1 shoes
Clothing,Mordan 6 shoes
Clothing,Muci Not Fake hoodie
Clothing,Muci backpack skin
Clothing,Muci branded flip-flops
Clothing,Muci hoodie
Clothing,Muci hoodie with a snake
Clothing,Muci pants
Clothing,Muci shorts
Clothing,Muci sweatshirt
Clothing,Muci trousers
Clothing,Murberry pants
Clothing,N.E.S.A. T-shirt
Clothing,N.E.S.A. pants
Clothing,New Balance trousers
Clothing,New Years Eve costume
Clothing,Nik Huarache shoes
Clothing,Nik mask
Clothing,Nik shorts with leggings
Clothing,Niki Ground Porce One new collection shoes
Clothing,Niki Shox shoes
Clothing,Niki Uptempo shoes
Clothing,Niki Zoom Freak 1 Multi-Color shoes
Clothing,Niki backpack skin
Clothing,Niki new collection hoodie
Clothing,Niki new collection pants
Clothing,Niki new collection set
Clothing,Niki tech fleece pants
Clothing,Niki tech top
Clothing,Niki track suit pants
Clothing,Niki track suit top
Clothing,Panel pants
Clothing,Pans sneakers
Clothing,Pezy Boost shoes
Clothing,Plain jacket with sweater
Clothing,Polo Kinder T-shirt
Clothing,RGB neon shoes
Clothing,Rick Ownis X Dr. Martian boots
Clothing,Rick and Morty trendy jacket
Clothing,Rocs
Clothing,Rocs with neon paint
Clothing,S cargo pants
Clothing,SSC kit bag skin
Clothing,Santa Claus mask
Clothing,Sashmello mask
Clothing,Simpsons T-shirt
Clothing,Spring Set
Clothing,Stonislan pants
Clothing,T-shirt
Clothing,TV-head mask
Clothing,The West Pace jacket
Clothing,Tron helmet
Clothing,Tron pants
Clothing,Tron set
Clothing,Tron shoes
Clothing,Tron torso
Clothing,Tsum collection T-shirt
Clothing,Up-Green Keezy Boost shoes
Clothing,Up-Green Pezy Boost shoes
Clothing,Up-Green sweatshirt
Clothing,VIN T-shirt
Clothing,Valenciaga T-shirt
Clothing,Valenciaga Track shoes
Clothing,Valenciaga pants
Clothing,Valenciaga set
Clothing,Venom backpack skin
Clothing,Volex 2 watch
Clothing,Volex watch
Clothing,Watch Me sweater
Clothing,accessory
Clothing,alien with neon eyes mask
Clothing,anime mask
Clothing,assassins mask
Clothing,asymmetrical austere dress
Clothing,backpack skin
Clothing,backpack with a cat skin
Clothing,backpack with case skin
Clothing,bandana mask
Clothing,bandana top
Clothing,baseball mask
Clothing,beads accessory
Clothing,bear backpack skin
Clothing,belted pants
Clothing,biohazard backpack skin
Clothing,bitkin handbag skin
Clothing,black jacket with yellow trim
Clothing,black voron shoulder accessory
Clothing,blob longsleeve top
Clothing,body wraps kill top
Clothing,bomber jacket with glowing elements
Clothing,bomber jacket with luminous elements
Clothing,boxing gloves
Clothing,boxing helmet
Clothing,bracelet
Clothing,branded CDG T-shirt
Clothing,branded Molo T-shirt
Clothing,branded T-shirt
Clothing,branded colourful T-shirt
Clothing,branded headband
Clothing,branded insulated hoodie
Clothing,branded longsleeve
Clothing,branded monochrome T-shirt
Clothing,branded pants with bunny detail
Clothing,bright StarWars hoodie
Clothing,bright StarWars set
Clothing,bright StarWars trousers
Clothing,bright hoodie
Clothing,bright trousers
Clothing,calligraphy dress
Clothing,capsule backpack skin
Clothing,carnival mask
Clothing,casual neon helmet
Clothing,cat mask
Clothing,chain
Clothing,chain around the body accessory
Clothing,chain lost treasure neon accessory
Clothing,chain with spikes backpack skin
Clothing,chain with star pendant
Clothing,checkered Pans sneakers
Clothing,classic Lui Vi backpack skin
Clothing,classic denim jacket
Clothing,classic military backpack skin
Clothing,cloud backpack skin
Clothing,clown chain
Clothing,clown mask
Clothing,collection 2022 T-shirt
Clothing,collection 5 top
Clothing,colored pants
Clothing,corset top
Clothing,cow backpack skin
Clothing,cowgirl hat
Clothing,cropp collection T-shirt
Clothing,cross backpack skin
Clothing,cute bear backpack skin
Clothing,day dress
Clothing,deer antler accessory
Clothing,deer antlers with a red nose accessory
Clothing,demon backpack skin
Clothing,demon mask
Clothing,denim jacket
Clothing,denim shorts
Clothing,desert scarf mask
Clothing,devil mask
Clothing,double pockets backpack skin
Clothing,dress
Clothing,dress with cutout
Clothing,duck backpack skin
Clothing,duffel bag skin
Clothing,eagle necklace
Clothing,earphones with a heart
Clothing,earrings
Clothing,el primo corazon krawl on the shoulder accessory
Clothing,emoji mask
Clothing,evil mask
Clothing,exclusive T-shirt
Clothing,exotic mask
Clothing,fancy bear backpack skin
Clothing,fashionista scarf mask
Clothing,faution top
Clothing,fluorescent cat ears
Clothing,flying bear on the shoulder accessory
Clothing,fox mask
Clothing,fur coat without a hood
Clothing,gauard bag with ladudu skin
Clothing,glasses with glowing snow
Clothing,gloves
Clothing,glowing face scarf mask
Clothing,glowing nails
Clothing,gold Kolex watch with black dial
Clothing,gold Kolex watch with rainbow bezels
Clothing,gorilla mask
Clothing,gothic hoodie with neon eyes
Clothing,half-glowing pants
Clothing,hamster on the shoulder accessory
Clothing,handbag backpack skin
Clothing,handkerchief mask
Clothing,heart backpack skin
Clothing,heart with wings backpack skin
Clothing,hearts Pride glasses
Clothing,hippy bear backpack skin
Clothing,hoodie with balaclava Cap
Clothing,human backpack skin
Clothing,insulated personal pants
Clothing,jacket
Clothing,jacket with T-shirt
Clothing,jacket with blue luminous trim
Clothing,jacket with green luminous trim
Clothing,jacket with pink luminous trim
Clothing,jacket with red luminous trim
Clothing,jacket with turquoise luminous trim
Clothing,jacket with white luminous trim
Clothing,jeans
Clothing,jolly bear backpack skin
Clothing,kitsune mask
Clothing,leather gothic pants
Clothing,leather school backpack skin
Clothing,leon krawl on the shoulder accessory
Clothing,long branded T-shirt
Clothing,lovely bird egg on the shoulder accessory
Clothing,low dress
Clothing,luminous Bendi pants
Clothing,luminous Bendi set
Clothing,luminous Grand RP trousers
Clothing,luminous LM Playboy T-shirt
Clothing,luminous LM Playboy jacket
Clothing,luminous LM Playboy mask
Clothing,luminous LM Playboy set
Clothing,luminous LM Playboy sweatshirt
Clothing,luminous LM Playboy top
Clothing,luminous LM Playboy trousers
Clothing,luminous LW bomber set
Clothing,luminous OFF pants
Clothing,luminous OFF set
Clothing,luminous T-shirt
Clothing,luminous branded pants with bunny detail
Clothing,luminous dress
Clothing,luminous head bag mask
Clothing,luminous shoes
Clothing,luminous trousers
Clothing,maliky T-shirt
Clothing,maliky hoodie
Clothing,mask
Clothing,mask made of clips on a chain
Clothing,memo bag with ladudu skin
Clothing,mini-bear backpack skin
Clothing,mix collection T-shirt
Clothing,modern heeled boots
Clothing,monkey boss mask
Clothing,monkey mask
Clothing,motorcycle platform boots
Clothing,multi-colored Pans sneakers
Clothing,navel piercing accessory
Clothing,neck scarf accessory
Clothing,necklace
Clothing,neon Lui Vi pants
Clothing,neon chrome handbag skin
Clothing,neon horns with spikes
Clothing,neon pants
Clothing,neon rabbit ears
Clothing,neon shoes
Clothing,neon torso
Clothing,new fashionable joggers
Clothing,old summer shorts
Clothing,one-colour CAP T-shirt
Clothing,onelove chain
Clothing,open olympics top
Clothing,owl mask
Clothing,owl on the shoulder accessory
Clothing,panama hat
Clothing,pants
Clothing,pants split
Clothing,pants with belt
Clothing,penguin mask
Clothing,pig mask
Clothing,piggy keychain backpack skin
Clothing,pixel glasses
Clothing,plaid bunny backpack skin
Clothing,pullover with long sleeve
Clothing,purge mask
Clothing,rabbit ears
Clothing,raccoon mask
Clothing,ragged jeans
Clothing,raptor mask
Clothing,raven mask
Clothing,red sneakers
Clothing,red stocking mask
Clothing,reindeer mask
Clothing,ripped pants with neon strips
Clothing,robot human mask
Clothing,robot mask
Clothing,rooster mask
Clothing,sad hare backpack skin
Clothing,samurai mask
Clothing,saruko neon mask
Clothing,satanic wings
Clothing,scarf
Clothing,scary chicken backpack skin
Clothing,scary turtleneck T-shirt
Clothing,shamanic mask
Clothing,shark backpack skin
Clothing,shiny deer antler headband accessory
Clothing,shirt new
Clothing,shoes
Clothing,short pullover
Clothing,shorts
Clothing,silver Kolex watch with rainbow bezels
Clothing,six-tailed fox on the shoulder accessory
Clothing,skater jeans
Clothing,skeleton cat backpack skin skin
Clothing,skeleton cheetah plush backpack skin
Clothing,skeleton king mask
Clothing,skinny jacket
Clothing,skirt
Clothing,skirt with tights
Clothing,skull backpack skin
Clothing,small sup bag skin
Clothing,sneakers
Clothing,snowboarders mask
Clothing,snowflake glasses
Clothing,snowman mask
Clothing,spider pants
Clothing,sports mask
Clothing,sports top
Clothing,sporty boots
Clothing,star bunny backpack skin
Clothing,stealthy mask
Clothing,ston islan classic sport pants
Clothing,ston islan classic sports jacket
Clothing,strawberry backpack skin
Clothing,strong chicken on the shoulder accessory
Clothing,stylish suit
Clothing,summer bra
Clothing,summer collection T-shirt
Clothing,summer top
Clothing,summer voyage shorts
Clothing,sweatshirt
Clothing,swimming trunks
Clothing,swordmen pants
Clothing,tall boots
Clothing,tapered classic turtleneck
Clothing,tie
Clothing,tied scarf mask
Clothing,tight mask
Clothing,toothless dragon on the shoulder accessory
Clothing,toothy mask
Clothing,top
Clothing,top 2 outerwear
Clothing,top with chains
Clothing,topic pok
Clothing,trainers
Clothing,trending shark head hat
Clothing,trendy jacket
Clothing,trousers
Clothing,turkey mask
Clothing,valentines cat backpack skin
Clothing,vintage Abibas Olympic jersey
Clothing,wedding dress
Clothing,white Lui Vi desert scarf mask with multi-colored top
Clothing,wide print soccer T-shirt
Clothing,wide printed football T-shirt
Clothing,winter collection dress
Clothing,wristband accessory
Clothing,zipper pants
Vehicle,9F
Vehicle,9F Cabrio
Vehicle,Adder
Vehicle,Akuma
Vehicle,Albany Escalade
Vehicle,Alpha
Vehicle,Alpha-Z1
Vehicle,Annis 350Z
Vehicle,Annis GT-R I
Vehicle,Annis RX-7 (FD)
Vehicle,Annis RX-7 (VF)
Vehicle,Annis RX-8
Vehicle,Annis Silvia (S15)
Vehicle,Annis Skyline GT-R (R34)
Vehicle,Annis WRX 2004
Vehicle,Annis ZR-350
Vehicle,Apocalypse Deathbike
Vehicle,Apocalypse Impaler
Vehicle,Apocalypse Imperator
Vehicle,Apocalypse Issi
Vehicle,Apocalypse Slamvan
Vehicle,Ardent
Vehicle,Asbo
Vehicle,Asea
Vehicle,Asterope
Vehicle,Autarch
Vehicle,Avarus
Vehicle,BF-400
Vehicle,BMX
Vehicle,Bagger
Vehicle,Baller
Vehicle,Baller LE LWB
Vehicle,Baller SG
Vehicle,Banshee
Vehicle,Banshee 900R
Vehicle,Bati 801
Vehicle,Bati 801RR
Vehicle,Beater Emperor
Vehicle,Beater Mariachi Tornado
Vehicle,Beater Surfer
Vehicle,Beater Tornado
Vehicle,Benefactor 600SEL (W140)
Vehicle,Benefactor C63 Coupe (W205)
Vehicle,Benefactor E420 (W210)
Vehicle,Benefactor G63 (G770)
Vehicle,Benefactor GT Black Series
Vehicle,Benefactor GT-63 (S)
Vehicle,Benefactor S63 (W222)
Vehicle,Benefactor Vito (V447)
Vehicle,Benefactor-AMG C63 (W205)
Vehicle,Benefactor-AMG GT
Vehicle,Benefactor-AMG GT 63 (S)
Vehicle,Benefactor-AMG SL65 (R230)
Vehicle,Benefactor-MG VT
Vehicle,Benefactor-Maybach Pullman
Vehicle,Bestia GTS
Vehicle,Bison
Vehicle,Blade
Vehicle,Blazer
Vehicle,Blazer Lifeguard
Vehicle,Blista
Vehicle,Blista Kanjo
Vehicle,Bodhi
Vehicle,Bravado Charger 1969
Vehicle,Bravado Charger SRT
Vehicle,Bravado Ram 1500
Vehicle,Bravado Viper 2008
Vehicle,Brawler
Vehicle,Brioso R/A
Vehicle,Buccaneer
Vehicle,Buffalo
Vehicle,Bullet
Vehicle,Burgerfahrzeug Golf GTI Vision
Vehicle,Burgerfahrzeug Tiguan
Vehicle,Buzzard
Vehicle,Calico GTF
Vehicle,Caracara 4x4
Vehicle,Carbon RS
Vehicle,Carbonizzare
Vehicle,Casco
Vehicle,Cavalcade
Vehicle,Cheburek
Vehicle,Cheetah
Vehicle,Cheetah Classic
Vehicle,Chimera
Vehicle,Chino
Vehicle,Cliffhanger
Vehicle,Clique
Vehicle,Cognoscenti
Vehicle,Cognoscenti 55
Vehicle,Cognoscenti Cabrio
Vehicle,Coil Cybertruck
Vehicle,Coil H9
Vehicle,Coil Model S
Vehicle,Coil Model X
Vehicle,Coil Roadster
Vehicle,Comet
Vehicle,Comet S2
Vehicle,Comet SR
Vehicle,Contender
Vehicle,Coquette
Vehicle,Coquette Blackfin
Vehicle,Coquette Classic
Vehicle,Coquette D10
Vehicle,Cruiser
Vehicle,Cuban 800
Vehicle,Cyclone
Vehicle,Cypher
Vehicle,Daemon
Vehicle,Declasse Camaro 2020
Vehicle,Declasse Corvette C7
Vehicle,Declasse Tahoe
Vehicle,Defiler
Vehicle,Deveste Eight
Vehicle,Deviant
Vehicle,Diabolus
Vehicle,Diabolus Custom
Vehicle,Dilettante
Vehicle,Dinghy
Vehicle,Dinghy (2-Seater)
Vehicle,Dinghy (Yacht)
Vehicle,Dinka NSX 2017
Vehicle,Dinka RT-3000
Vehicle,Dodo
Vehicle,Dominator
Vehicle,Dominator ASP
Vehicle,Dominator GTT
Vehicle,Dominator GTX
Vehicle,Dominator PiBwasser
Vehicle,Double-T
Vehicle,Drift Yosemite
Vehicle,Dubsta
Vehicle,Dubsta 6x6
Vehicle,Dubsta SG
Vehicle,Dukes
Vehicle,Duster
Vehicle,ETR-1
Vehicle,Elegy RH8
Vehicle,Elegy Retro Custom
Vehicle,Ellie
Vehicle,Emperor
Vehicle,Emperor LX-570
Vehicle,Emperor RCF
Vehicle,Enduro
Vehicle,Entity XF
Vehicle,Enus Bentayga
Vehicle,Enus Continental GT
Vehicle,Enus Cullinan
Vehicle,Enus Phantom
Vehicle,Enus Spectre
Vehicle,Esskey
Vehicle,Euros
Vehicle,Exemplar
Vehicle,F620
Vehicle,FCR 1000
Vehicle,FCR 1000 Custom
Vehicle,FMJ
Vehicle,FQ 2
Vehicle,Faction
Vehicle,Faggio
Vehicle,Felon
Vehicle,Felon GT
Vehicle,Feltzer
Vehicle,Flash GT
Vehicle,Frogger
Vehicle,Fugitive
Vehicle,Furore GT
Vehicle,Fusilade
Vehicle,Futo
Vehicle,Futo GTX
Vehicle,Future Shock Deathbike
Vehicle,Future Shock Issi
Vehicle,GB200
Vehicle,GP-1
Vehicle,GT 500
Vehicle,Gallivanter Defender
Vehicle,Gallivanter Velar
Vehicle,Gargoyle
Vehicle,Gauntlet
Vehicle,Gauntlet Classic
Vehicle,Gauntlet Hellfire
Vehicle,Gauntlet Redwood
Vehicle,Glendale
Vehicle,Granger
Vehicle,Grotti Italia (F458)
Vehicle,Grotti Purosangue
Vehicle,Growler
Vehicle,Hakuchou
Vehicle,Hakuchou Drag
Vehicle,Hermes
Vehicle,Hexer
Vehicle,Hotknife
Vehicle,Howard NX-25
Vehicle,Huntley S
Vehicle,Imorgon
Vehicle,Impaler
Vehicle,Infernus
Vehicle,Infernus Classic
Vehicle,Ingot
Vehicle,Innovation
Vehicle,Issi
Vehicle,Itali GTB
Vehicle,Itali GTB Custom
Vehicle,Itali GTO
Vehicle,JB 700
Vehicle,Jackal
Vehicle,Jester
Vehicle,Jester (Racecar)
Vehicle,Jester Classic
Vehicle,Jester RR
Vehicle,Jetmax
Vehicle,Journey
Vehicle,Jugular
Vehicle,Kamacho
Vehicle,Karin Land Cruiser 200
Vehicle,Karin Mark 2
Vehicle,Karin Rav4 2021
Vehicle,Karin Supra A80
Vehicle,Karin Tundra 2021
Vehicle,Khamelion
Vehicle,Komoda
Vehicle,Krieger
Vehicle,Kuruma
Vehicle,Lampadati Guilia GTA
Vehicle,Landstalker
Vehicle,Lectro
Vehicle,Luxor
Vehicle,Luxor Deluxe
Vehicle,Lynx
Vehicle,Malard
Vehicle,Mamba
Vehicle,Mammatus
Vehicle,Manchez
Vehicle,Marquis
Vehicle,Massacro
Vehicle,Maverick
Vehicle,Microlight
Vehicle,Monroe
Vehicle,Moonbeam
Vehicle,Nebula Turbo
Vehicle,Nemesis
Vehicle,Neon
Vehicle,Nero
Vehicle,Nero Custom
Vehicle,Nightblade
Vehicle,Nightshade
Vehicle,Nimbus
Vehicle,Novak
Vehicle,Obey A6
Vehicle,Obey A8
Vehicle,Obey Q60
Vehicle,Obey Q8
Vehicle,Obey R8
Vehicle,Obey RS6
Vehicle,Obey RS7
Vehicle,Obey S8 (D4)
Vehicle,Ocelot DBS GT Zagato
Vehicle,Ocelot Eletre
Vehicle,Ocelot F-Type R
Vehicle,Ocelot V12 Speedster
Vehicle,Ocelot Vanquish Zagato SB
Vehicle,Ocelot Victor
Vehicle,Ocelot XE SV Project 8
Vehicle,Octavia RS
Vehicle,Oracle
Vehicle,Osiris
Vehicle,P-45 Nokota
Vehicle,PCJ-600
Vehicle,Panto
Vehicle,Paragon R
Vehicle,Pariah
Vehicle,Patriot
Vehicle,Patriot Stretch
Vehicle,Pegassi Huayra BC
Vehicle,Pegassi Performante (LP640)
Vehicle,Penetrator
Vehicle,Penumbra
Vehicle,Pfister 811
Vehicle,Pfister 911
Vehicle,Pfister 918 Spyder
Vehicle,Pfister Panamera
Vehicle,Pfister Taycan
Vehicle,Pheonix
Vehicle,Picador
Vehicle,Prairie
Vehicle,Premier
Vehicle,Previon
Vehicle,Progen P1
Vehicle,RE-7B
Vehicle,Raiden
Vehicle,Rancher XL
Vehicle,Rapid GT
Vehicle,Raptor
Vehicle,Rat Bike
Vehicle,Rat-Loader
Vehicle,Rat-Truck
Vehicle,Reaper
Vehicle,Rebel
Vehicle,Rebla GTS
Vehicle,Regina
Vehicle,Remus
Vehicle,Revolter
Vehicle,Rhapsody
Vehicle,Riata
Vehicle,Rocoto
Vehicle,Ruffian
Vehicle,Ruiner
Vehicle,Rumpo
Vehicle,Ruston
Vehicle,Rusty Rebel
Vehicle,SC-1
Vehicle,Sabre Turbo
Vehicle,Sanchez
Vehicle,Sanctus
Vehicle,Sandking SWB
Vehicle,Sandking XL
Vehicle,Schafter
Vehicle,Schafter LWB
Vehicle,Schafter LWB (Armored)
Vehicle,Schafter V12
Vehicle,Schlagen GT
Vehicle,Schwarzer
Vehicle,SeaShark
Vehicle,Seminole
Vehicle,Sentinel Classic
Vehicle,Sentinel XS
Vehicle,Serrano
Vehicle,Seven-70
Vehicle,Shelby GT500
Vehicle,Shotaro
Vehicle,Slamvan
Vehicle,Slamvan Custom
Vehicle,Sovereign
Vehicle,Sparrow
Vehicle,Specter
Vehicle,Speeder
Vehicle,Squalo
Vehicle,StafVapid
Vehicle,Stafford
Vehicle,Stalion
Vehicle,Stinger
Vehicle,Stinger GT
Vehicle,Stirling GT
Vehicle,Street Blazer
Vehicle,Streiter
Vehicle,Stretch
Vehicle,Sultan
Vehicle,Sultan Classic
Vehicle,Sultan RS
Vehicle,Sultan RS Classic
Vehicle,Suntrap
Vehicle,Super Diamond
Vehicle,SuperVolito Carbon
Vehicle,Surano
Vehicle,Surge
Vehicle,Swift Deluxe
Vehicle,Swinger
Vehicle,T-20
Vehicle,Tailgater
Vehicle,Tailgater S
Vehicle,Taipan
Vehicle,Tampa
Vehicle,Tempesta
Vehicle,Tezeract
Vehicle,Thrax
Vehicle,Thrust
Vehicle,Tigon
Vehicle,Torero
Vehicle,Toro
Vehicle,Toros
Vehicle,Tri-Cycles Race Bike
Vehicle,Tropic
Vehicle,Tropos Rallye
Vehicle,Truffade Chiron
Vehicle,Tulip
Vehicle,Turismo Classic
Vehicle,Turismo R
Vehicle,Tyrant
Vehicle,Tyrus
Vehicle,Ubermacht 760 (LI)
Vehicle,Ubermacht I8
Vehicle,Ubermacht M3 (E46)
Vehicle,Ubermacht M3 (G80)
Vehicle,Ubermacht M3 CS
Vehicle,Ubermacht M4 (G82)
Vehicle,Ubermacht M4 (GTS)
Vehicle,Ubermacht M5 (CS)
Vehicle,Ubermacht M5 (E34)
Vehicle,Ubermacht M5 (E60)
Vehicle,Ubermacht M5 (F90)
Vehicle,Ubermacht M8 (F91)
Vehicle,Ubermacht X5 (E70)
Vehicle,Ubermacht X5 (G05)
Vehicle,Ubermacht X5-M (F95)
Vehicle,Ubermacht X6-M (E71)
Vehicle,Ubermacht X6-M 2021
Vehicle,Ubermacht X7 (G07)
Vehicle,V-65 Molotok
Vehicle,V-STR
Vehicle,Vacca
Vehicle,Vader
Vehicle,Vagner
Vehicle,Vamos
Vehicle,Vapid Mustang GT500
Vehicle,Vapid Raptor (F150)
Vehicle,Vectre
Vehicle,Velierer
Vehicle,Velum
Vehicle,Vigero
Vehicle,Vindicator
Vehicle,Virgo
Vehicle,Virgo Classic
Vehicle,Visione
Vehicle,Volatus
Vehicle,Voltic
Vehicle,Voodoo
Vehicle,Voodoo Custom
Vehicle,Vortex
Vehicle,Warrener
Vehicle,Warrener HKR
Vehicle,Washington
Vehicle,Whippet Race Bike
Vehicle,Windsor
Vehicle,Windsor Drop
Vehicle,Wolfsbane
Vehicle,X80 Proto
Vehicle,XA-21
Vehicle,XLS
Vehicle,XLS (Armored)
Vehicle,Yosemite
Vehicle,Yosemite Rancher
Vehicle,Z-Type
Vehicle,Zentorno
Vehicle,Zion
Vehicle,Zion Cabrio
Vehicle,Zion Classic
Vehicle,Zombie Chopper
Vehicle,Zorrusso
Item,(cryptocurrency to) tokens
Item,Benefactor container
Item,Cayo Perico ticket
Item,Christmas tree of type 1/2/3/4/5
Item,GrandPro bodycam
Item,Monowheel
Item,Ocelot container
Item,Progen container
Item,Single fireworks
Item,Summer 2023 armoured vest skin (V.1-?)
Item,Trezor container
Item,Valentine gift
Item,alcohlic beverage cheetah
Item,"alphabet (G, R, A, N and D)"
Item,animal juice
Item,animal skin
Item,animal trap
Item,arena container
Item,"attack juice (10%, 20%, 25%)"
Item,automatic drill
Item,automatic oil well
Item,automatic rod
Item,automatic sawmill
Item,automatic watering can
Item,"backpack space (low, medium, high & max quality)"
Item,baltic beer
Item,battery/batteries
Item,big Birthday gift
Item,big fireworks
Item,binoculars
Item,blazzzer alcohlic beverage
Item,body armour skin
Item,"brakes (low, medium and high quality)"
Item,burglarized house container
Item,cabbage
Item,cabbage seeds
Item,campfire
Item,car ticket
Item,caravan container
Item,carp
Item,chair (1/2/3/4/5/6)
Item,cigarettes
Item,coblevo wine
Item,container for bikers 1/2/3/4/5
Item,container for branded T-shirts
Item,container for branded shorts
Item,container for drifters 1/2/3
Item,container for men 1/2
Item,container for racers 1/2/3/4/5
Item,container for women 1/2
Item,container with wheels 1/2/3
Item,copper
Item,daily container
Item,desert scarf mask container
Item,diamond
Item,dice
Item,double paycheck juice
Item,drawing print
Item,earplugs
Item,electric chargers
Item,elixir
Item,emerald
Item,endurance juice
Item,"engine (low, medium and high quality)"
Item,exclusive truckers container
Item,explosive fireworks
Item,fabric (red/blue/yellow/green/purple)
Item,fast running juice
Item,fish
Item,"fishing rod (low, medium & high quality)"
Item,flag
Item,flame and water lottery ticket
Item,flowers
Item,fossil map
Item,fruit
Item,fuel canister
Item,fuel for resource extraction
Item,gardeners container
Item,gasoline barrels
Item,grand ticket
Item,grill
Item,high quality metal
Item,hookah
Item,immunity juice
Item,ingrand container
Item,"juice(10%, 20%, 25%)"
Item,kerosene barrels
Item,leash
Item,license plate
Item,lottery ticket
Item,love container
Item,luminous stone
Item,mandarin seeds
Item,mandarins
Item,map of Los Santos
Item,milk
Item,mining resources
Item,multivitamin juice
Item,mushroom
Item,mushroom seeds
Item,neon Lui Vi armoured vest skin (V.1-?)
Item,neon Muci armoured vest skin (V.1-?)
Item,neon Summer 2023 armoured vest skin (V.1-?)
Item,neon armoured vest skin (V.1-?)
Item,neon armoured vest skin with chains (V.1-?)
Item,new year gift
Item,oil barrel
Item,old autumn gold container
Item,old summer gold container
Item,old winter gold container
Item,organisation container
Item,paint can
Item,pearl
Item,perch
Item,pet
Item,pet Christmas elf
Item,pet Cyberdog
Item,pet Mini robot
Item,pet Santa Claus
Item,pet X-mas husky
Item,pet border collie
Item,pet cat
Item,pet chicken
Item,pet cute hippo
Item,pet dog
Item,pet duckling
Item,pet fancy bear
Item,pet food
Item,pet ghost
Item,pet golden retriever
Item,pet huggy wuggy
Item,pet husky
Item,pet kitty bunny
Item,pet lion cub
Item,pet monkey
Item,pet panda
Item,pet panther
Item,pet pig
Item,pet poodle
Item,pet pug
Item,pet puma
Item,pet pumpkin guardian
Item,pet rabbit
Item,pet rat
Item,pet robobeast
Item,pet rooster
Item,pet rottweiler
Item,pet treat
Item,pet voodoo doll
Item,pet westie
Item,"pickaxe (low, medium & high quality)"
Item,pineapple
Item,pineapple seeds
Item,"platinum prime ticket (of type 7, 10, 15, 20, 21, 30 or 60)"
Item,pool table
Item,port wine 666
Item,power armoured vest skin (V.1-?)
Item,power booster
Item,"power juice (10%, 20%, 25%)"
Item,premium fuel canister
Item,"prime ticket (of type 7, 10, 15, 20 or 30)"
Item,"protection juice (10%, 20%, 25%)"
Item,pumpkin
Item,pumpkin seeds
Item,purified water
Item,rare lottery ticket
Item,repair kit
Item,resource miners ticket
Item,resource scanner
Item,resources container
Item,riding juice
Item,ruby/rubies
Item,salmon
Item,sand
Item,sand figures
Item,scarecrow flag
Item,school container
Item,scrap metal
Item,secret ticket
Item,secret ticket fragment
Item,shovel
Item,sim-cards
Item,small Birthday gift
Item,snow
Item,snow figure of type 1/2/3
Item,snowballs
Item,solar barrel
Item,solar panel
Item,sphere of influence container
Item,"starter prime ticket (of type 3, 5, 7, 10, 15, 20 or 30)"
Item,strawberry/strawberries
Item,study of the organisation container
Item,"suspension (low, medium & high quality)"
Item,tactical grand armoured vest skin
Item,tent
Item,thread
Item,timber
Item,tincture of the forest mushrooms
Item,tokens
Item,toy alien
Item,toy hamster
Item,toy present
Item,transmission (low medium & high quality)
Item,treasure map
Item,trout
Item,"tuning parts (low, medium & high quality)"
Item,tyres (low medium & high quality)
Item,unique love container
Item,unique rims (of type 1-40)
Item,valuable container
Item,video card
Item,vodka-shotka
Item,volcano fireworks
Item,wire
